page	title	meta_description_len	canonical	og_image	jsonld_blocks
_index	Things to Do in Milwaukee | Events, Restaurants &amp; Local Guide 2026	165	https://www.discover-milwaukee.com/	https://www.discover-milwaukee.com/android-chrome-512x512.png	8
about	About Discover Milwaukee | Wisconsin&#x27;s Top Local Influencers	285	https://www.discover-milwaukee.com/about	https://www.discover-milwaukee.com/android-chrome-512x512.png	7
arts-culture-milwaukee	Arts &amp; Culture Weekend in Milwaukee: Museums, Music &amp; More	120	https://www.discover-milwaukee.com/arts-culture-milwaukee	https://www.discover-milwaukee.com/android-chrome-512x512.png	5
bay-view-milwaukee	Bay View Milwaukee Neighborhood Guide 2026 | Restaurants, Bars &amp; Things to Do	215	https://www.discover-milwaukee.com/bay-view-milwaukee	https://www.discover-milwaukee.com/android-chrome-512x512.png	7
beer-lovers-milwaukee	Beer Lover&#x27;s Weekend in Milwaukee: Ultimate Brewery Tour Guide	158	https://www.discover-milwaukee.com/beer-lovers-milwaukee	https://www.discover-milwaukee.com/android-chrome-512x512.png	5
best-bakeries-milwaukee	15 Best Bakeries in Milwaukee: Breads, Pastries &amp; More [2026]	159	https://www.discover-milwaukee.com/best-bakeries-milwaukee	https://www.discover-milwaukee.com/android-chrome-512x512.png	6
best-brunch-milwaukee	Best Brunch in Milwaukee 2026 | Top Spots &amp; Hidden Gems	167	https://www.discover-milwaukee.com/best-brunch-milwaukee	https://www.discover-milwaukee.com/android-chrome-512x512.png	6
best-burgers-milwaukee	14 Best Burgers in Milwaukee: Butter Burgers, Smash Burgers &amp; More [2026]	178	https://www.discover-milwaukee.com/best-burgers-milwaukee	https://www.discover-milwaukee.com/android-chrome-512x512.png	6
best-cocktail-bars-milwaukee	15 Best Cocktail Bars in Milwaukee: Speakeasies &amp; Craft Cocktails [2026]	155	https://www.discover-milwaukee.com/best-cocktail-bars-milwaukee	https://www.discover-milwaukee.com/android-chrome-512x512.png	6
best-dive-bars-milwaukee	12 Best Dive Bars in Milwaukee: Authentic Local Watering Holes [2026 Guide]	167	https://www.discover-milwaukee.com/best-dive-bars-milwaukee	https://www.discover-milwaukee.com/android-chrome-512x512.png	6
best-fish-fry-milwaukee	Best Fish Fry in Milwaukee 2026 | Friday Fish Fry Guide	166	https://www.discover-milwaukee.com/best-fish-fry-milwaukee	https://www.discover-milwaukee.com/android-chrome-512x512.png	6
best-happy-hour-milwaukee	Best Happy Hour in Milwaukee 2026 | Drink Specials &amp; Deals	164	https://www.discover-milwaukee.com/best-happy-hour-milwaukee	https://www.discover-milwaukee.com/android-chrome-512x512.png	6
best-ice-cream-milwaukee	Best Ice Cream &amp; Frozen Custard in Milwaukee [2026 Guide]	153	https://www.discover-milwaukee.com/best-ice-cream-milwaukee	https://www.discover-milwaukee.com/android-chrome-512x512.png	6
best-mexican-milwaukee	12 Best Mexican Restaurants in Milwaukee: Authentic to Modern [2026]	169	https://www.discover-milwaukee.com/best-mexican-milwaukee	https://www.discover-milwaukee.com/android-chrome-512x512.png	6
best-patios-milwaukee	Best Patios in Milwaukee 2026 | Rooftops, Waterfront &amp; Beer Gardens	170	https://www.discover-milwaukee.com/best-patios-milwaukee	https://www.discover-milwaukee.com/android-chrome-512x512.png	6
best-pizza-milwaukee	Best Pizza in Milwaukee 2026 | Top Pizzerias by Style	147	https://www.discover-milwaukee.com/best-pizza-milwaukee	https://www.discover-milwaukee.com/android-chrome-512x512.png	6
best-restaurants-milwaukee	Best Restaurants in Milwaukee 2026 | Top MKE Dining Guide	203	https://www.discover-milwaukee.com/best-restaurants-milwaukee	https://www.discover-milwaukee.com/android-chrome-512x512.png	7
best-sushi-milwaukee	10 Best Sushi Restaurants in Milwaukee: Omakase to AYCE [2026 Guide]	165	https://www.discover-milwaukee.com/best-sushi-milwaukee	https://www.discover-milwaukee.com/android-chrome-512x512.png	6
best-tacos-milwaukee	Best Tacos in Milwaukee 2026 | Top Taco Spots &amp; Taquerias	162	https://www.discover-milwaukee.com/best-tacos-milwaukee	https://www.discover-milwaukee.com/android-chrome-512x512.png	6
best-thai-milwaukee	12 Best Thai Restaurants in Milwaukee: Authentic to Contemporary [2026]	139	https://www.discover-milwaukee.com/best-thai-milwaukee	https://www.discover-milwaukee.com/android-chrome-512x512.png	6
brady-street-milwaukee	Brady Street Milwaukee Guide 2026 | Italian Heritage, Bars &amp; Restaurants	183	https://www.discover-milwaukee.com/brady-street-milwaukee	https://www.discover-milwaukee.com/android-chrome-512x512.png	5
bronzeville-milwaukee	Bronzeville Milwaukee Guide 2026 | Black History, Culture &amp; Heritage	175	https://www.discover-milwaukee.com/bronzeville-milwaukee	https://www.discover-milwaukee.com/android-chrome-512x512.png	5
day-trips-milwaukee	15 Best Day Trips from Milwaukee: Complete Guide [2026]	160	https://www.discover-milwaukee.com/day-trips-milwaukee	https://www.discover-milwaukee.com/android-chrome-512x512.png	6
dog-friendly-milwaukee	Dog-Friendly Milwaukee 2026 | Bars, Restaurants &amp; Dog Parks	152	https://www.discover-milwaukee.com/dog-friendly-milwaukee	https://www.discover-milwaukee.com/android-chrome-512x512.png	6
downtown-milwaukee	Downtown Milwaukee Guide 2026 | Fiserv Forum, Restaurants &amp; Nightlife	191	https://www.discover-milwaukee.com/downtown-milwaukee	https://www.discover-milwaukee.com/android-chrome-512x512.png	5
east-side-milwaukee	East Side Milwaukee Neighborhood Guide 2026 | Brady Street, Bars &amp; Restaurants	205	https://www.discover-milwaukee.com/east-side-milwaukee	https://www.discover-milwaukee.com/android-chrome-512x512.png	7
events	Milwaukee Events This Week | Concerts, Festivals &amp; Things to Do	173	https://www.discover-milwaukee.com/events	https://www.discover-milwaukee.com/android-chrome-512x512.png	17
explore	Best of Milwaukee Guide | Restaurants, Bars &amp; Neighborhoods 2026	167	https://www.discover-milwaukee.com/explore	https://www.discover-milwaukee.com/android-chrome-512x512.png	12
family-weekend-milwaukee	Family Weekend in Milwaukee: Best Things to Do with Kids (2026)	165	https://www.discover-milwaukee.com/family-weekend-milwaukee	https://www.discover-milwaukee.com/android-chrome-512x512.png	5
first-time-milwaukee	First Time in Milwaukee? Essential Visitor&#x27;s Guide (2026)	136	https://www.discover-milwaukee.com/first-time-milwaukee	https://www.discover-milwaukee.com/android-chrome-512x512.png	5
food-trucks-milwaukee	Best Food Trucks in Milwaukee: Complete Guide [2026]	163	https://www.discover-milwaukee.com/food-trucks-milwaukee	https://www.discover-milwaukee.com/android-chrome-512x512.png	6
foodie-weekend-milwaukee	Foodie Weekend in Milwaukee: Where to Eat Like a Local	138	https://www.discover-milwaukee.com/foodie-weekend-milwaukee	https://www.discover-milwaukee.com/android-chrome-512x512.png	5
free-things-milwaukee	Free Things to Do in Milwaukee | 50+ Budget-Friendly Activities	172	https://www.discover-milwaukee.com/free-things-milwaukee	https://www.discover-milwaukee.com/android-chrome-512x512.png	5
harbor-district-milwaukee	Harbor District Milwaukee Guide 2026 | Kinnickinnic River, Urban Revival	173	https://www.discover-milwaukee.com/harbor-district-milwaukee	https://www.discover-milwaukee.com/android-chrome-512x512.png	5
hidden-gems-milwaukee	Milwaukee Hidden Gems: 18 Secret Spots Only Locals Know [2026]	156	https://www.discover-milwaukee.com/hidden-gems-milwaukee	https://www.discover-milwaukee.com/android-chrome-512x512.png	6
live-music-milwaukee	Milwaukee Live Music Guide: Best Venues &amp; Concerts [2026]	174	https://www.discover-milwaukee.com/live-music-milwaukee	https://www.discover-milwaukee.com/android-chrome-512x512.png	6
milwaukee-bars	Milwaukee Bars Guide: Best Dive Bars, Cocktail Lounges, Rooftops &amp; More [2026]	184	https://www.discover-milwaukee.com/milwaukee-bars	https://www.discover-milwaukee.com/android-chrome-512x512.png	7
milwaukee-breweries	Milwaukee Breweries Guide 2026 | Best Craft Beer &amp; Brewery Tours	187	https://www.discover-milwaukee.com/milwaukee-breweries	https://www.discover-milwaukee.com/android-chrome-512x512.png	6
milwaukee-coffee-shops	Best Coffee Shops in Milwaukee 2026 | Local Roasters &amp; Cafes Guide	175	https://www.discover-milwaukee.com/milwaukee-coffee-shops	https://www.discover-milwaukee.com/android-chrome-512x512.png	6
milwaukee-date-ideas	50+ Best Date Ideas in Milwaukee WI | Romantic Things to Do 2026	188	https://www.discover-milwaukee.com/milwaukee-date-ideas	https://www.discover-milwaukee.com/android-chrome-512x512.png	5
milwaukee-festivals	Milwaukee Festivals 2026: Summerfest, German Fest, Irish Fest &amp; More | Complete Guide	170	https://www.discover-milwaukee.com/milwaukee-festivals	https://www.discover-milwaukee.com/android-chrome-512x512.png	7
milwaukee-nightlife	Milwaukee Nightlife Guide 2026 | Best Bars, Clubs &amp; Live Music	243	https://www.discover-milwaukee.com/milwaukee-nightlife	https://www.discover-milwaukee.com/android-chrome-512x512.png	5
new-restaurants-milwaukee	New Restaurants in Milwaukee 2026 | Latest Openings &amp; Coming Soon	170	https://www.discover-milwaukee.com/new-restaurants-milwaukee	https://www.discover-milwaukee.com/android-chrome-512x512.png	6
newsletter	Milwaukee Newsletter | Weekly Events &amp; Local Tips | Free Subscribe	159	https://www.discover-milwaukee.com/newsletter	https://www.discover-milwaukee.com/android-chrome-512x512.png	7
outdoor-weekend-milwaukee	Outdoor Weekend in Milwaukee: Parks, Trails &amp; Lake Activities	145	https://www.discover-milwaukee.com/outdoor-weekend-milwaukee	https://www.discover-milwaukee.com/android-chrome-512x512.png	5
packers-bars-milwaukee	Best Packers Bars in Milwaukee: Where to Watch Green Bay [2026]	143	https://www.discover-milwaukee.com/packers-bars-milwaukee	https://www.discover-milwaukee.com/android-chrome-512x512.png	6
partner	Advertise in Milwaukee | Partner With Discover Milwaukee	155	https://www.discover-milwaukee.com/partner	https://www.discover-milwaukee.com/android-chrome-512x512.png	7
privacy	Privacy Policy | Discover Milwaukee	90		https://www.discover-milwaukee.com/android-chrome-512x512.png	3
rainy-day-milwaukee	20 Best Rainy Day Activities in Milwaukee: Indoor Fun [2026 Guide]	149	https://www.discover-milwaukee.com/rainy-day-milwaukee	https://www.discover-milwaukee.com/android-chrome-512x512.png	6
riverwest-milwaukee	Riverwest Milwaukee Guide 2026 | Bohemian, Artsy &amp; Authentic	182	https://www.discover-milwaukee.com/riverwest-milwaukee	https://www.discover-milwaukee.com/android-chrome-512x512.png	5
romantic-weekend-milwaukee	Romantic Weekend in Milwaukee: Couples Guide to the Best Date Spots	148	https://www.discover-milwaukee.com/romantic-weekend-milwaukee	https://www.discover-milwaukee.com/android-chrome-512x512.png	5
rooftop-bars-milwaukee	Best Rooftop Bars in Milwaukee 2026 | Skyline Views &amp; Drinks	157	https://www.discover-milwaukee.com/rooftop-bars-milwaukee	https://www.discover-milwaukee.com/android-chrome-512x512.png	6
sherman-park-milwaukee	Sherman Park Milwaukee Guide 2026 | Historic Homes, Soul Food &amp; Community	151	https://www.discover-milwaukee.com/sherman-park-milwaukee	https://www.discover-milwaukee.com/android-chrome-512x512.png	5
south-side-milwaukee	South Side Milwaukee Guide 2026 | Authentic Mexican Food &amp; Latino Culture	177	https://www.discover-milwaukee.com/south-side-milwaukee	https://www.discover-milwaukee.com/android-chrome-512x512.png	5
terms	Terms of Service | Discover Milwaukee	40		https://www.discover-milwaukee.com/android-chrome-512x512.png	3
things-to-do-milwaukee	Things to Do in Milwaukee 2026 | Complete Guide to MKE Attractions	171	https://www.discover-milwaukee.com/things-to-do-milwaukee	https://www.discover-milwaukee.com/android-chrome-512x512.png	7
third-ward-milwaukee	Third Ward Milwaukee Guide 2026 | Restaurants, Shopping &amp; Things to Do	215	https://www.discover-milwaukee.com/third-ward-milwaukee	https://www.discover-milwaukee.com/android-chrome-512x512.png	7
this-weekend-milwaukee		174	https://www.discover-milwaukee.com/this-weekend-milwaukee	https://www.discover-milwaukee.com/android-chrome-512x512.png	10
walkers-point-milwaukee	Walker&#x27;s Point Milwaukee Guide 2026 | Breweries, Nightlife &amp; Restaurants	229	https://www.discover-milwaukee.com/walkers-point-milwaukee	https://www.discover-milwaukee.com/android-chrome-512x512.png	7
washington-heights-milwaukee	Washington Heights Milwaukee Guide 2026 | Zoo, Parks &amp; Family-Friendly	170	https://www.discover-milwaukee.com/washington-heights-milwaukee	https://www.discover-milwaukee.com/android-chrome-512x512.png	5
weekend-in-milwaukee	Weekend in Milwaukee: The Perfect 3-Day Itinerary (2026 Guide)	148	https://www.discover-milwaukee.com/weekend-in-milwaukee	https://www.discover-milwaukee.com/android-chrome-512x512.png	5
